Area code,Area name,Region name,Rural Urban Classification,Population,Aged 4 years and under,Aged 5 to 14 years,Aged 15 to 19 years,Aged 20 to 34,Aged 35 to 54,Aged 55 to 64,Aged 65+,GDHI (Â£m),"GP Surgeries per 100,000 people","Doctors per 100,000 people ",Very good health,Good health,Fair health,Bad health,Very bad health
E06000001,Hartlepool,North East,Urban,92300,4982,11502,5180,16489,22522,13429,18233,53.28,16.7774678606631,83.07,39817.0,30749.0,14415.0,5625.0,1732.0
E06000002,Middlesbrough,North East,Urban,143900,8928,19260,8571,30813,34085,18089,24180,69.66,14.4120537176548,129.51,67207.0,46382.0,19821.0,7969.0,2545.0
E06000003,Redcar and Cleveland,North East,Urban,136500,6814,15867,7124,21945,32816,20220,31747,69.96,13.0493410082791,122.85,58085.0,46416.0,21633.0,7916.0,2481.0
E06000004,Stockton-on-Tees,North East,Urban,196600,10733,25450,10617,34742,51125,26744,37184,113.18,11.3627942593187,176.94,91479.0,65521.0,27307.0,9392.0,2896.0
E06000005,Darlington,North East,Urban,107800,5496,12956,5785,18773,27892,14859,22040,62.88,10.8536386823683,97.02,48749.0,37324.0,15383.0,5016.0,1328.0
E06000006,Halton,North West,Urban,128200,6954,15955,7152,23182,33947,17329,23960,78.46,11.5752351701945,115.38,59066.0,41455.0,18088.0,7491.0,2380.0
E06000007,Warrington,North West,Urban,210900,10631,25182,11130,36941,58249,28685,40159,131.73,13.1833569535145,189.81,105613.0,69138.0,25599.0,8265.0,2359.0
E06000008,Blackburn with Darwen,North West,Urban,154800,10056,22895,10857,30157,41004,17366,22403,88.19,15.2378049941906,139.32,73950.0,50010.0,20507.0,7826.0,2445.0
E06000009,Blackpool,North West,Urban,141100,7360,15769,7390,25517,35398,20411,29191,76.41,12.613168147546,126.99,56933.0,47255.0,23963.0,9777.0,3108.0
E06000010,"Kingston upon Hull, City of",Yorkshire and The Humber,Urban,267100,15954,34078,15484,60464,68066,32143,40824,151.55,14.7090188348986,240.39,0.0,0.0,0.0,0.0,0.0
E06000011,East Riding of Yorkshire,Yorkshire and The Humber,Rural,342200,14687,35767,16782,49277,83149,52058,90495,195.09,12.5671557384775,307.98,153547.0,121117.0,49161.0,14088.0,4302.0
E06000012,North East Lincolnshire,Yorkshire and The Humber,Urban,156900,8455,19088,8404,27695,38467,22021,32836,85.87,16.4208797802128,141.21,67586.0,54939.0,24237.0,7911.0,2293.0
E06000013,North Lincolnshire,Yorkshire and The Humber,Urban,169700,8445,19764,8901,28432,42462,24399,37278,100.06,15.2862946609676,152.73,72786.0,60954.0,25702.0,8003.0,2235.0
E06000014,York,Yorkshire and The Humber,Urban,202800,8615,20223,15216,46200,49616,24218,38733,129.02,17.8934132894864,182.52,98610.0,71033.0,24604.0,6788.0,1786.0
E06000015,Derby,East Midlands,Urban,261400,15220,33877,16350,55262,68383,29486,42785,185.44,10.1328529610448,235.26,119809.0,90551.0,35857.0,11542.0,3605.0
E06000016,Leicester,East Midlands,Urban,368600,22302,50430,28332,90896,96366,36744,43501,199.38,16.5885512665227,331.74,179719.0,123425.0,46156.0,14749.0,4522.0
E06000017,Rutland,East Midlands,Rural,41000,1642,4512,2761,6170,9974,5604,10384,24.51,12.3022414683955,36.9,20666.0,14063.0,4869.0,1169.0,282.0
E06000018,Nottingham,East Midlands,Urban,323700,17819,38057,31692,92123,75017,30958,37965,173.41,15.4885263426426,291.33,153956.0,108292.0,41863.0,14787.0,4734.0
E06000019,"Herefordshire, County of",West Midlands,Rural,187100,8429,19598,9064,28361,44906,28203,48472,100.4,14.7453789035758,168.39,0.0,0.0,0.0,0.0,0.0
E06000020,Telford and Wrekin,West Midlands,Urban,185600,10562,24011,10893,35501,48867,22990,32718,106.53,14.5897923559909,167.04,85273.0,63231.0,25683.0,8812.0,2542.0
E06000021,Stoke-on-Trent,West Midlands,Urban,258400,15625,33820,15115,53170,65639,30736,44264,142.9,15.9600542641845,232.56,110241.0,90840.0,38276.0,14546.0,4466.0
E06000022,Bath and North East Somerset,South West,Urban,193400,9019,20693,14772,41725,46113,23564,37522,111.22,14.0127516039596,174.06,100186.0,63514.0,21853.0,6121.0,1735.0
E06000023,"Bristol, City of",South West,Urban,472400,25942,52338,29621,135794,122432,45581,60760,298.75,9.73088915482052,425.16,0.0,0.0,0.0,0.0,0.0
E06000024,North Somerset,South West,Urban,216700,10662,25077,10834,32909,56102,29274,51872,119.21,11.3047488989175,195.03,103098.0,73421.0,28789.0,8897.0,2522.0
E06000025,South Gloucestershire,South West,Urban,290400,16119,33855,16199,57984,76123,35950,54194,185.33,9.35081936554691,261.36,144395.0,99207.0,34595.0,9529.0,2698.0
E06000026,Plymouth,South West,Urban,264700,13205,30159,15919,57505,66338,32599,48970,143.57,11.5354846391998,238.23,121117.0,89371.0,37196.0,13109.0,3902.0
E06000027,Torbay,South West,Urban,139300,6059,14813,6724,20954,33009,20578,37187,73.65,10.7538444994085,125.37,58842.0,47697.0,22578.0,7894.0,2313.0
E06000030,Swindon,South West,Urban,233400,13626,29920,12283,44665,66734,29114,37069,140.65,12.1635621620941,210.06,112213.0,82155.0,28667.0,8185.0,2190.0
E06000031,Peterborough,East,Urban,215700,14163,31232,12541,44304,60091,22754,30589,122.84,10.4779302898742,194.13,99550.0,77378.0,27730.0,8582.0,2433.0
E06000032,Luton,East,Urban,225300,15960,33475,15072,49954,62094,22340,26366,150.09,12.9854389944076,202.77,109654.0,77855.0,27073.0,8162.0,2517.0
E06000033,Southend-on-Sea,East,Urban,180700,10242,22053,9182,32514,49219,22915,34561,100.43,14.2644743266894,162.63,84380.0,62139.0,24096.0,7793.0,2278.0
E06000034,Thurrock,East,Urban,176000,12261,25065,10458,35427,49804,19132,23854,107.99,15.1514301266547,158.4,89350.0,58689.0,20323.0,5904.0,1735.0
E06000035,Medway,South East,Urban,279800,17308,36356,16227,54646,74743,34439,46057,161.11,18.8284518828452,251.82,132845.0,96739.0,35907.0,11171.0,3113.0
E06000036,Bracknell Forest,South East,Urban,124600,7119,15940,7071,23891,36405,15306,18875,96.56,14.8031569680018,112.14,65829.0,42515.0,12273.0,3147.0,846.0
E06000037,West Berkshire,South East,Urban,161400,8310,20345,9141,25674,44746,21719,31512,121.47,9.18178089822302,145.26,82413.0,55946.0,17685.0,4319.0,1086.0
E06000038,Reading,South East,Urban,174200,10238,20733,10986,44902,49464,16923,20978,113.51,11.784776313722,156.78,89196.0,60019.0,18627.0,5018.0,1364.0
E06000039,Slough,South East,Urban,158500,11772,25513,9919,32458,48937,14581,15320,116.64,12.4445440007965,142.65,81941.0,53816.0,16804.0,4625.0,1314.0
E06000040,Windsor and Maidenhead,South East,Urban,153500,8021,19712,8981,24054,44785,19624,28321,104.49,15.4600325949021,138.15,85594.0,48793.0,14471.0,3636.0,1002.0
E06000041,Wokingham,South East,Urban,177500,9852,24652,10096,28364,52270,21717,30547,129.59,9.24566269647033,159.75,97553.0,58866.0,16372.0,3676.0,1033.0
E06000042,Milton Keynes,South East,Urban,287000,17733,40879,16353,56034,84900,31576,39586,188.76,9.05220102591612,258.3,146636.0,96796.0,31721.0,9239.0,2668.0
E06000043,Brighton and Hove,South East,Urban,277200,11751,27230,17763,69390,79977,32016,38976,166.4,12.8738328618888,249.48,139078.0,91878.0,32118.0,10757.0,3272.0
E06000044,Portsmouth,South East,Urban,208100,11280,23782,14494,51367,52967,23323,30790,127.96,9.03484120077795,187.29,98505.0,72447.0,26740.0,8000.0,2311.0
E06000045,Southampton,South East,Urban,249000,13796,28288,16752,67022,63352,25462,34249,160.83,13.6660028893835,224.1,118703.0,87353.0,30497.0,9536.0,2833.0
E06000046,Isle of Wight,South East,Rural,140400,5552,13912,6390,19877,32059,21650,41019,72.5,10.6453948022086,126.36,56014.0,51903.0,23077.0,7386.0,2079.0
E06000047,County Durham,North East,Rural,522100,24752,57858,31231,92939,129369,74584,111338,271.28,17.0994133585879,469.89,224293.0,176980.0,81624.0,30167.0,9004.0
E06000049,Cheshire East,North West,Urban,398800,19930,44976,19700,63706,105118,56119,89227,238.0,10.1828549815981,358.92,198755.0,132827.0,48431.0,14513.0,4243.0
E06000050,Cheshire West and Chester,North West,Urban,357200,17618,40201,18728,63384,92194,49277,75747,213.78,13.6963411594227,321.48,174349.0,118810.0,45293.0,14499.0,4199.0
E06000051,Shropshire,West Midlands,Rural,323600,14422,33496,16916,49947,78234,48504,82088,179.86,12.7558768146753,291.24,150899.0,112330.0,43932.0,12796.0,3649.0
E06000052,Cornwall,South West,Rural,570300,25532,61471,29259,88608,137711,83585,144136,286.46,16.5996915223992,513.27,260855.0,191185.0,82985.0,26972.0,8308.0
E06000054,Wiltshire,South West,Rural,510400,25629,59856,27336,83761,131178,71046,111527,290.57,12.9348873216868,459.36,252803.0,173908.0,62034.0,16995.0,4593.0
E06000055,Bedford,East,Urban,185300,11163,23717,10319,35433,51568,22007,31024,109.64,12.6388296443749,166.77,90419.0,64772.0,21942.0,6357.0,1735.0
E06000056,Central Bedfordshire,East,Rural,294200,17805,36379,14778,53145,80718,38479,52947,182.37,9.08200400905605,264.78,148210.0,101486.0,33332.0,8817.0,2407.0
E06000057,Northumberland,North East,Rural,320600,14235,34096,15678,46768,77708,50533,81550,173.93,17.7340202718197,288.54,140289.0,110887.0,49447.0,15644.0,4300.0
E06000058,"Bournemouth, Christchurch and Poole",South West,Urban,400300,18878,42554,22257,76933,103218,49932,86426,223.93,11.8797178567009,360.27,190242.0,136523.0,52466.0,16230.0,4735.0
E06000059,Dorset,South West,Rural,379600,15024,38497,19141,50383,85693,58565,112276,207.41,15.0724125475236,341.64,170366.0,135867.0,54010.0,15166.0,4170.0
E06000060,Buckinghamshire,South East,Urban,553100,30888,71962,30807,90052,153734,71923,103712,371.02,10.9406487451782,497.79,293915.0,183564.0,57178.0,14525.0,3897.0
E06000061,North Northamptonshire,East Midlands,Urban,359500,20206,45695,19761,65017,98106,45383,65357,199.38,9.78284795008573,323.55,166047.0,128657.0,47271.0,13718.0,3831.0
E06000062,West Northamptonshire,East Midlands,Urban,425700,23965,53245,23844,82288,117286,52421,72676,244.18,11.2812507914143,383.13,209457.0,149226.0,49482.0,13891.0,3669.0
E07000008,Cambridge,East,Urban,145700,6347,13347,11529,50129,35453,12257,16614,100.1,12.0029607303135,131.13,80195.0,46807.0,13957.0,3715.0,1001.0
E07000009,East Cambridgeshire,East,Rural,87700,4519,10797,4447,13833,24447,11500,18219,49.45,8.74641943454398,78.93,42423.0,30830.0,10879.0,2859.0,771.0
E07000010,Fenland,East,Rural,102500,5169,11367,5023,17820,25547,14132,23401,47.49,12.555897891575,92.25,41264.0,38407.0,16256.0,5064.0,1471.0
E07000011,Huntingdonshire,East,Rural,180800,9660,20997,8850,31341,49081,24364,36538,110.05,12.8986488665312,162.72,86577.0,64569.0,22026.0,6085.0,1576.0
E07000012,South Cambridgeshire,East,Rural,162000,8772,21017,8692,24717,46646,20469,31804,117.04,14.2398585507384,145.8,84637.0,54501.0,17419.0,4313.0,1246.0
E07000032,Amber Valley,East Midlands,Urban,126200,6073,13757,6041,20795,32773,18292,28477,72.45,11.7454525522868,113.58,56072.0,44733.0,18298.0,5613.0,1492.0
E07000033,Bolsover,East Midlands,Urban,80300,4102,8966,3922,14840,20905,11328,16213,40.75,13.2803728162842,72.27,33546.0,27509.0,12940.0,4844.0,1434.0
E07000034,Chesterfield,East Midlands,Urban,103600,5080,11410,4917,18375,26562,14841,22384,54.7,12.3947636890631,93.24,42969.0,36035.0,17062.0,5874.0,1629.0
E07000035,Derbyshire Dales,East Midlands,Rural,71500,2636,7080,3511,8903,17409,11980,20020,39.67,26.5622815601845,64.35,34005.0,24678.0,9585.0,2534.0,738.0
E07000036,Erewash,East Midlands,Urban,112900,5493,12689,5690,20285,29699,15564,23486,64.99,14.9327149432557,101.61,50053.0,39919.0,16552.0,5020.0,1362.0
E07000037,High Peak,East Midlands,Rural,90900,4329,9961,4448,14369,23754,14230,19839,48.3,14.1969443807402,81.81,43301.0,31083.0,12007.0,3535.0,1007.0
E07000038,North East Derbyshire,East Midlands,Urban,102000,4839,10863,4824,15909,25280,14956,25331,58.64,18.0892083591184,91.8,44381.0,35060.0,15945.0,5166.0,1449.0
E07000039,South Derbyshire,East Midlands,Urban,107200,5762,13122,5721,19247,29326,14089,19937,61.7,7.89127575624726,96.48,51669.0,36956.0,13642.0,3853.0,1088.0
E07000040,East Devon,South West,Rural,150800,6491,15450,7089,20510,34540,21521,45223,86.69,13.4471431224266,135.72,69973.0,52881.0,20650.0,5798.0,1525.0
E07000041,Exeter,South West,Urban,130800,5884,12319,11766,34339,30946,13729,21726,78.06,13.133892739876,117.72,66498.0,43054.0,15152.0,4665.0,1340.0
E07000042,Mid Devon,South West,Rural,82800,4022,9625,4419,12206,20683,12010,19887,46.85,16.6373532347768,74.52,39073.0,28866.0,10954.0,3085.0,874.0
E07000043,North Devon,South West,Rural,98600,4512,10848,4984,14658,23400,14755,25454,51.96,7.95679460529326,88.74,46135.0,33154.0,13705.0,4352.0,1265.0
E07000044,South Hams,South West,Rural,88600,3529,9201,4260,11353,20696,14507,25081,49.94,16.512185993263,79.74,43499.0,29405.0,11292.0,3413.0,1018.0
E07000045,Teignbridge,South West,Rural,134800,5906,14061,6300,19230,32197,20675,36433,70.45,14.5906590600697,121.32,61426.0,47053.0,19026.0,5739.0,1559.0
E07000046,Torridge,South West,Rural,68100,2803,7052,3163,9286,15530,10958,19322,33.08,15.9814034577946,61.29,29852.0,23713.0,10453.0,3216.0,880.0
E07000047,West Devon,South West,Rural,57100,2196,5897,2896,7186,13278,9373,16270,26.53,13.616094223372,51.39,26007.0,19802.0,8236.0,2380.0,671.0
E07000061,Eastbourne,South East,Urban,101700,4717,11312,5339,16966,24962,13470,24919,58.53,14.4514239469729,91.53,43956.0,35844.0,15503.0,4946.0,1440.0
E07000062,Hastings,South East,Urban,91100,4821,10455,4672,15854,24043,12732,18419,45.54,13.2133851591662,81.99,38395.0,31864.0,14122.0,5025.0,1588.0
E07000063,Lewes,South East,Urban,99900,4541,11059,5188,13649,24769,14239,26464,60.11,13.8126997908363,89.91,45533.0,34732.0,14156.0,4297.0,1187.0
E07000064,Rother,South East,Rural,93100,3732,8990,4297,11798,19746,14356,30194,49.55,20.0290948957433,83.79,39362.0,33607.0,14561.0,4365.0,1215.0
E07000065,Wealden,South East,Rural,160100,7181,17504,8080,22058,38565,24274,42488,85.06,14.5761085434216,144.09,77218.0,55635.0,20209.0,5627.0,1461.0
E07000066,Basildon,East,Urban,187600,12196,24505,10194,35894,50139,22746,31897,113.57,14.6947686623562,168.84,90914.0,64185.0,23022.0,7229.0,2221.0
E07000067,Braintree,East,Rural,155200,8453,18359,8181,26630,41475,20423,31751,80.32,13.7536963058822,139.68,73375.0,55346.0,19655.0,5431.0,1461.0
E07000068,Brentwood,East,Urban,77000,4280,9038,3927,13503,20623,10142,15535,49.58,12.7955778482956,69.3,41588.0,24413.0,8141.0,2214.0,691.0
E07000069,Castle Point,East,Urban,89600,4313,9899,4607,14371,21702,12096,22599,46.52,14.4672705824746,80.64,40925.0,31438.0,12324.0,3807.0,1093.0
E07000070,Chelmsford,East,Urban,181500,9881,21745,9770,32946,49786,22238,35157,114.47,9.17540128887402,163.35,93611.0,61388.0,19993.0,5089.0,1442.0
E07000071,Colchester,East,Urban,192700,10833,23406,11261,39960,50927,22016,34312,108.2,11.1676260672697,173.43,94777.0,66963.0,22916.0,6281.0,1778.0
E07000072,Epping Forest,East,Urban,135000,7921,15588,7031,23276,36952,17945,26267,84.81,11.0314396028682,121.5,69924.0,44362.0,15163.0,4214.0,1317.0
E07000073,Harlow,East,Urban,93300,6251,12902,5060,19075,25606,10820,13614,50.83,8.32986255726781,83.97,44559.0,32106.0,11913.0,3659.0,1091.0
E07000074,Maldon,East,Rural,66200,3042,7048,3378,9866,16300,10022,16552,34.52,13.1719525224289,59.58,30903.0,23469.0,8677.0,2487.0,672.0
E07000075,Rochford,East,Urban,85600,4258,9756,4453,13338,22046,11811,19999,50.93,13.607293509321,77.04,41866.0,29571.0,10588.0,2837.0,799.0
E07000076,Tendring,East,Rural,148100,6690,15290,6884,21563,32126,21869,43874,84.31,12.4015221236628,133.29,58492.0,52819.0,25460.0,8891.0,2630.0
E07000077,Uttlesford,East,Rural,91300,5026,11629,5000,13470,25110,12677,18429,57.17,10.6844455841186,82.17,49323.0,29898.0,9180.0,2301.0,639.0
E07000078,Cheltenham,South West,Urban,118800,5857,13279,6693,24339,31110,14672,22883,72.88,10.8103613155378,106.92,60237.0,39932.0,13876.0,3695.0,1097.0
E07000079,Cotswold,South West,Rural,90800,4015,9581,4384,12540,22744,13902,23666,45.32,15.3022188217292,81.72,45781.0,31041.0,10559.0,2698.0,753.0
E07000080,Forest of Dean,South West,Rural,87000,3977,9099,5071,13228,20624,13196,21809,44.78,15.7119770156222,78.3,38990.0,30908.0,12355.0,3662.0,1089.0
E07000081,Gloucester,South West,Urban,132500,7459,16501,7630,27172,34944,16592,22118,72.57,12.5934321547362,119.25,61882.0,46736.0,17259.0,5172.0,1367.0
E07000082,Stroud,South West,Urban,121100,5643,13913,6286,17625,31544,17864,28228,71.95,12.0443231090413,108.99,58893.0,42058.0,15125.0,4014.0,1012.0
E07000083,Tewkesbury,South West,Rural,94900,5314,11260,4505,15553,24301,12840,21114,59.79,8.08930593755056,85.41,47236.0,32541.0,11385.0,2956.0,766.0
E07000084,Basingstoke and Deane,South East,Urban,185200,10555,22774,9089,34879,52508,23335,32012,128.55,9.46382191190233,166.68,92794.0,64764.0,20776.0,5419.0,1404.0
E07000085,East Hampshire,South East,Rural,125700,6007,14443,6769,18354,32525,18581,29060,68.91,14.0143257552164,113.13,63828.0,43139.0,14273.0,3599.0,905.0
E07000086,Eastleigh,South East,Urban,136400,7591,16946,6910,24250,36665,17449,26629,88.99,9.22312876906704,122.76,67981.0,47400.0,15896.0,4088.0,1078.0
E07000087,Fareham,South East,Urban,114500,5158,12555,5593,17477,28767,16861,28100,69.67,10.5120231264509,103.05,55185.0,40519.0,14190.0,3698.0,921.0
E07000088,Gosport,South East,Urban,81900,4241,9604,4211,14325,20602,11459,17513,51.29,10.9243187473448,73.71,35504.0,29829.0,12134.0,3587.0,898.0
E07000089,Hart,South East,Urban,99400,5159,12685,5702,15335,27959,12994,19574,73.99,8.86332749010262,89.46,54555.0,32704.0,9344.0,2177.0,628.0
E07000090,Havant,South East,Urban,124200,6126,13889,6243,20213,29497,18024,30218,71.59,11.9348832768416,111.78,55028.0,44185.0,18023.0,5437.0,1535.0
E07000091,New Forest,South East,Urban,175800,7235,18038,8265,23261,40524,26817,51645,111.3,12.5429024276218,158.22,81075.0,62425.0,23866.0,6534.0,1885.0
E07000092,Rushmoor,South East,Urban,99800,6196,11650,5073,21991,28097,11620,15129,67.73,11.6609009989505,89.82,49428.0,34814.0,11769.0,2965.0,780.0
E07000093,Test Valley,South East,Urban,130500,6940,15407,6351,21298,35019,17806,27671,82.54,9.66823093685158,117.45,65696.0,44842.0,14925.0,3958.0,1071.0
E07000094,Winchester,South East,Rural,127500,6043,15074,9213,21327,32584,16624,26580,80.83,7.55058894593778,114.75,67850.0,41989.0,13236.0,3466.0,902.0
E07000095,Broxbourne,East,Urban,99000,5945,12451,5486,18281,27387,12218,17240,67.44,12.9945422922373,89.1,49630.0,33422.0,11621.0,3354.0,980.0
E07000096,Dacorum,East,Urban,155100,9581,19897,8039,27078,43709,19811,26966,97.39,12.0384978489105,139.59,80604.0,51271.0,17171.0,4784.0,1251.0
E07000098,Hertsmere,East,Urban,107800,6297,13946,6111,18357,30522,13455,19139,72.47,11.0098813685283,97.02,57652.0,34388.0,11602.0,3205.0,981.0
E07000099,North Hertfordshire,East,Urban,133200,7469,16506,6655,22145,37415,17190,25831,86.99,10.324788341839,119.88,67385.0,45317.0,15363.0,4089.0,1056.0
E07000102,Three Rivers,East,Urban,93800,5120,12430,5338,14707,27043,12165,16967,64.89,12.6725312325093,84.42,50330.0,30357.0,9788.0,2586.0,710.0
E07000103,Watford,East,Urban,102300,6528,13547,5541,21848,31423,10468,12888,66.32,13.4363453140746,92.07,53559.0,34277.0,10601.0,2955.0,854.0
E07000105,Ashford,South East,Urban,132700,7608,16875,7306,23278,34943,16740,25997,76.02,10.1241656602764,119.43,64334.0,45779.0,16551.0,4748.0,1335.0
E07000106,Canterbury,South East,Urban,157400,6823,16107,12600,32867,35438,19345,34250,81.9,11.8795290704581,141.66,74034.0,54597.0,20762.0,6224.0,1812.0
E07000107,Dartford,South East,Urban,116800,8282,16299,6228,23413,33865,12628,16038,83.38,12.4276091765466,105.12,61128.0,38680.0,12556.0,3390.0,999.0
E07000108,Dover,South East,Urban,116400,5669,13273,5969,18831,27818,16950,27899,70.76,13.4917489522814,104.76,51455.0,40711.0,17036.0,5611.0,1597.0
E07000109,Gravesham,South East,Urban,106900,6600,14295,6148,19814,28750,12879,18414,65.27,12.9946072379962,96.21,52013.0,36416.0,13291.0,4088.0,1092.0
E07000110,Maidstone,South East,Urban,175800,10390,21273,8920,32295,47583,21796,33525,104.72,12.4873090934757,158.22,87494.0,59781.0,21018.0,5832.0,1657.0
E07000111,Sevenoaks,South East,Rural,120500,6724,15646,6537,17336,32228,16113,25928,71.13,12.3699097821247,108.45,63410.0,38931.0,13407.0,3660.0,1107.0
E07000112,Folkestone and Hythe,South East,Urban,109800,5112,11957,5234,17281,26819,15927,27428,61.62,15.3160052254606,98.82,47404.0,38432.0,16801.0,5519.0,1603.0
E07000113,Swale,South East,Rural,151700,8896,18981,8183,27856,39204,19645,28912,80.51,12.8293124130012,136.53,68967.0,52738.0,21338.0,6688.0,1947.0
E07000114,Thanet,South East,Urban,140600,7334,16268,7144,23027,34584,18973,33258,75.24,10.680793796595,126.54,59000.0,49262.0,22148.0,7823.0,2354.0
E07000115,Tonbridge and Malling,South East,Urban,132200,7681,17251,7547,21025,36311,17080,25306,76.57,8.135733621289,118.98,67896.0,44052.0,14959.0,4164.0,1130.0
E07000116,Tunbridge Wells,South East,Urban,115300,6167,15232,6506,17672,32520,14841,22373,66.53,12.818321654418,103.77,60833.0,37512.0,12586.0,3415.0,965.0
E07000117,Burnley,North West,Urban,94700,5760,12452,5469,18071,24067,11929,16898,44.2,15.5545185876497,85.23,42648.0,31570.0,13808.0,5073.0,1546.0
E07000118,Chorley,North West,Urban,117800,6062,13959,5873,19603,32167,15951,24116,66.24,12.5678664789865,106.02,57332.0,39109.0,15198.0,4735.0,1358.0
E07000119,Fylde,North West,Urban,81400,3313,7994,3705,11290,19441,12987,22643,52.98,10.7339646494764,73.26,37427.0,27421.0,11815.0,3641.0,1070.0
E07000120,Hyndburn,North West,Urban,82200,4926,10614,4951,15550,20905,10289,15004,41.17,17.8018300281269,73.98,36121.0,28210.0,12149.0,4387.0,1367.0
E07000121,Lancaster,North West,Urban,142900,6741,15016,10707,29006,33530,18587,29345,81.35,16.4881594405018,128.61,66454.0,48857.0,19619.0,6214.0,1790.0
E07000122,Pendle,North West,Urban,95800,5952,13319,5769,17246,24536,11689,17246,48.94,14.4271890683127,86.22,44752.0,32255.0,13182.0,4286.0,1285.0
E07000123,Preston,North West,Urban,147900,8921,18472,9775,34342,37528,16997,21803,80.18,14.0655069016885,133.11,71585.0,48918.0,19091.0,6379.0,1862.0
E07000124,Ribble Valley,North West,Rural,61500,2633,6719,3255,8849,15532,9722,14848,48.27,10.8579317191208,55.35,32360.0,19764.0,7117.0,1855.0,465.0
E07000125,Rossendale,North West,Urban,70800,3780,8934,3799,11956,19020,9728,13654,35.33,11.1823989041249,63.72,33310.0,23556.0,9673.0,3430.0,904.0
E07000126,South Ribble,North West,Urban,111000,5501,12814,5682,18422,29014,15569,24033,65.68,15.8517683528251,99.9,53172.0,37823.0,14535.0,4318.0,1187.0
E07000127,West Lancashire,North West,Urban,117400,5246,12560,8897,20469,27959,16577,25722,63.33,15.7411166251046,105.66,56460.0,38918.0,15404.0,5114.0,1534.0
E07000128,Wyre,North West,Rural,111900,4890,11554,5653,16088,25615,17144,31001,54.81,10.2569362531412,100.71,49623.0,37251.0,17326.0,5902.0,1844.0
E07000129,Blaby,East Midlands,Urban,102900,5708,12363,5323,17821,27160,13478,21072,59.26,12.3482588954957,92.61,50473.0,35496.0,12636.0,3328.0,993.0
E07000130,Charnwood,East Midlands,Urban,183900,9173,19772,13739,38787,45598,22265,34634,105.83,14.3609382479655,165.51,90255.0,63617.0,22344.0,6051.0,1704.0
E07000131,Harborough,East Midlands,Rural,97600,4719,11273,5405,14831,26025,13875,21498,55.05,11.6980727425157,87.84,50282.0,32717.0,11016.0,2850.0,762.0
E07000132,Hinckley and Bosworth,East Midlands,Rural,113600,5686,12804,5581,18845,29763,15550,25410,62.8,11.3072975558841,102.24,52913.0,40394.0,14967.0,4164.0,1202.0
E07000133,Melton,East Midlands,Rural,51800,2418,5812,2551,7756,13125,7930,12160,23.56,13.1487499295603,46.62,24748.0,18186.0,6757.0,1622.0,439.0
E07000134,North West Leicestershire,East Midlands,Rural,104700,5454,11928,5438,18771,28043,14068,21002,60.49,9.06486819681642,94.23,49180.0,36846.0,13648.0,3916.0,1116.0
E07000135,Oadby and Wigston,East Midlands,Urban,57700,2863,6986,4227,9577,14347,7444,12303,27.57,13.4176408432987,51.93,26568.0,20744.0,7661.0,2170.0,604.0
E07000136,Boston,East Midlands,Urban,70500,3646,8458,3759,12657,18335,9241,14408,35.47,11.2096627292726,63.45,29747.0,26118.0,10548.0,3193.0,896.0
E07000137,East Lindsey,East Midlands,Rural,142300,5635,13800,6365,19356,30597,23212,43331,69.87,12.382111975566,128.07,53934.0,50793.0,25949.0,8969.0,2651.0
E07000138,Lincoln,East Midlands,Urban,103900,5119,10666,8835,29204,23944,11040,15005,58.88,13.5509224306483,93.51,45492.0,38213.0,14444.0,4461.0,1203.0
E07000139,North Kesteven,East Midlands,Rural,118000,5531,13254,5901,19195,29924,16660,27611,61.44,10.7258071169856,106.2,54648.0,41825.0,15872.0,4509.0,1220.0
E07000140,South Holland,East Midlands,Rural,95100,4733,10333,4548,15631,23842,13338,22697,52.96,11.2342337741919,85.59,39386.0,35883.0,14451.0,4268.0,1134.0
E07000141,South Kesteven,East Midlands,Rural,143400,6752,16986,7368,21682,36958,20539,33119,80.86,10.9770990271546,129.06,65973.0,51176.0,19418.0,5456.0,1381.0
E07000142,West Lindsey,East Midlands,Rural,95200,4403,10580,4671,13974,23051,14489,23985,55.81,16.3465467919902,85.68,41693.0,34181.0,13948.0,4227.0,1104.0
E07000143,Breckland,East,Rural,141500,6785,15391,6660,23338,34175,19824,35301,71.54,13.0961325052901,127.35,60208.0,52416.0,21131.0,6109.0,1613.0
E07000144,Broadland,East,Urban,131700,5936,13998,6322,19174,33477,18745,34070,80.06,13.2777634345148,118.53,59373.0,47997.0,18304.0,4810.0,1237.0
E07000145,Great Yarmouth,East,Urban,99800,4953,11041,5109,16719,24011,13978,23937,56.3,11.9922050667066,89.82,40086.0,35834.0,16599.0,5610.0,1619.0
E07000146,King's Lynn and West Norfolk,East,Rural,154300,7259,16625,7216,24917,36407,21966,39935,86.08,16.6925615377701,138.87,64413.0,56961.0,23789.0,7106.0,2056.0
E07000147,North Norfolk,East,Rural,103000,3664,9237,4408,12818,21678,16675,34500,52.79,13.5622118029992,92.7,40520.0,38727.0,17522.0,4821.0,1391.0
E07000148,Norwich,East,Urban,144000,6931,14941,10263,40215,35870,14193,21509,86.5,15.1108241580867,129.6,63232.0,52223.0,20346.0,6382.0,1738.0
E07000149,South Norfolk,East,Rural,141900,6990,16183,6902,21448,36167,19747,34512,87.68,10.9099587467185,127.71,66743.0,50340.0,18701.0,4877.0,1287.0
E07000170,Ashfield,East Midlands,Urban,126300,6778,15265,6547,22934,32980,16914,24883,67.25,13.2440012464942,113.67,53556.0,43876.0,19912.0,6947.0,2009.0
E07000171,Bassetlaw,East Midlands,Rural,117800,5967,13180,5774,19900,29821,17081,26081,61.21,12.2663264805456,106.02,51679.0,40938.0,17862.0,5618.0,1707.0
E07000172,Broxtowe,East Midlands,Urban,110900,5291,12048,5663,20918,28084,14709,24225,61.74,13.2541618068073,99.81,51331.0,38407.0,15476.0,4462.0,1264.0
E07000173,Gedling,East Midlands,Urban,117300,5981,13549,5732,19739,31000,15974,25287,60.78,10.9646348354883,105.57,53976.0,40850.0,16183.0,4840.0,1414.0
E07000174,Mansfield,East Midlands,Urban,110500,5960,13149,5353,20608,28923,15185,21302,57.58,9.81345513912803,99.45,47123.0,38004.0,17302.0,6249.0,1804.0
E07000175,Newark and Sherwood,East Midlands,Rural,122900,6062,13601,6271,20832,31055,17468,27668,66.44,11.8889100247289,110.61,54954.0,43072.0,17806.0,5553.0,1571.0
E07000176,Rushcliffe,East Midlands,Rural,119000,5851,14185,6394,19220,31807,15879,25745,73.14,12.9184362232952,107.1,63235.0,38139.0,13096.0,3629.0,978.0
E07000177,Cherwell,South East,Urban,161000,9355,19205,8319,30828,44988,20286,28034,97.37,12.6261867112391,144.9,81759.0,55298.0,17966.0,4699.0,1296.0
E07000178,Oxford,South East,Urban,162100,7137,16502,15874,50663,38254,14641,18969,111.36,13.3184812088338,145.89,88767.0,52154.0,15703.0,4221.0,1194.0
E07000179,South Oxfordshire,South East,Rural,149100,7980,17883,7639,24084,41084,19834,30577,97.03,11.7321931379706,134.19,79641.0,49194.0,15408.0,3831.0,1011.0
E07000180,Vale of White Horse,South East,Rural,138900,7799,17008,7348,24135,37347,17809,27465,98.87,8.90593957662533,125.01,72726.0,46700.0,14989.0,3585.0,913.0
E07000181,West Oxfordshire,South East,Rural,114200,5720,13452,5774,19013,29804,15724,24749,67.4,11.7320729734939,102.78,58560.0,38834.0,12766.0,3198.0,879.0
E07000192,Cannock Chase,West Midlands,Urban,100500,5566,11378,5093,19037,26312,13579,19554,54.86,20.420467142496,90.45,43559.0,35779.0,14742.0,4955.0,1485.0
E07000193,East Staffordshire,West Midlands,Urban,124000,6966,15099,6751,23301,32578,16237,23087,70.13,12.5355500364314,111.6,57717.0,43989.0,16319.0,4637.0,1357.0
E07000194,Lichfield,West Midlands,Urban,106400,5229,11448,5371,17082,27139,14636,25529,55.04,11.7996242273515,95.76,50143.0,37056.0,13924.0,4162.0,1151.0
E07000195,Newcastle-under-Lyme,West Midlands,Urban,123300,5793,13018,7646,22993,30442,16669,26738,63.97,18.7412150554428,110.97,54189.0,43520.0,17878.0,5972.0,1741.0
E07000196,South Staffordshire,West Midlands,Urban,110500,4921,11094,5228,17490,27275,16719,27744,67.05,15.9168081494058,99.45,49718.0,39468.0,15421.0,4538.0,1327.0
E07000197,Stafford,West Midlands,Urban,136800,6718,15075,6431,22694,35418,19083,31450,79.1,9.95187557312141,123.12,64032.0,47929.0,18200.0,5203.0,1503.0
E07000198,Staffordshire Moorlands,West Midlands,Rural,95800,4072,9963,4746,13715,23781,14450,25118,58.5,15.6600720363314,86.22,42805.0,33976.0,13660.0,4144.0,1262.0
E07000199,Tamworth,West Midlands,Urban,78600,4442,9537,4237,14935,20776,9806,14914,40.46,13.7049449933344,70.74,35798.0,27433.0,10922.0,3434.0,1060.0
E07000200,Babergh,East,Rural,92300,3972,9926,4761,13077,22530,13535,24542,49.53,17.7319759679573,83.07,42772.0,33135.0,12352.0,3225.0,854.0
E07000202,Ipswich,East,Urban,139700,8326,17846,8059,28677,37735,15988,23011,77.76,9.32715349624761,125.73,63728.0,49957.0,18905.0,5562.0,1490.0
E07000203,Mid Suffolk,East,Rural,102700,4497,10780,5227,15819,25067,15331,25976,61.38,8.33109627970267,92.43,48205.0,36960.0,13204.0,3454.0,876.0
E07000207,Elmbridge,South East,Urban,138800,8347,19800,7435,18625,42332,17394,24821,87.92,12.0996441281139,124.92,81741.0,40971.0,12067.0,3038.0,938.0
E07000208,Epsom and Ewell,South East,Urban,80900,4626,10664,4619,12758,23779,9876,14616,44.03,10.9770822915269,72.81,43925.0,26427.0,8110.0,1940.0,536.0
E07000209,Guildford,South East,Urban,143600,6684,16079,10766,30371,37148,17444,25158,102.32,10.725585885129,129.24,78671.0,46690.0,13717.0,3531.0,1041.0
E07000210,Mole Valley,South East,Urban,87400,4007,9999,4666,11901,23221,12828,20762,66.79,14.7282079169782,78.66,45952.0,28806.0,9411.0,2501.0,716.0
E07000211,Reigate and Banstead,South East,Urban,150900,9045,19896,7666,25420,43288,18815,26716,91.05,8.9752219764721,135.81,81155.0,49031.0,15541.0,3979.0,1140.0
E07000212,Runnymede,South East,Urban,88100,4781,9647,6553,18075,23322,10540,15161,70.67,6.63408593352646,79.29,46128.0,29446.0,9344.0,2487.0,674.0
E07000213,Spelthorne,South East,Urban,103000,6010,12463,5114,18377,29307,13095,18592,65.12,10.5816034015045,92.7,51913.0,35432.0,11642.0,3072.0,897.0
E07000214,Surrey Heath,South East,Urban,90500,4478,11107,4865,14571,25497,12126,17809,62.44,9.76477736307612,81.45,48670.0,29656.0,9208.0,2249.0,670.0
E07000215,Tandridge,South East,Urban,87900,4976,10970,4845,12947,23796,12003,18340,52.92,10.0661007281146,79.11,45917.0,28955.0,9685.0,2570.0,750.0
E07000216,Waverley,South East,Rural,128200,6466,16431,7956,17387,35162,16819,28006,70.86,10.5943426210404,115.38,70073.0,41167.0,12883.0,3236.0,870.0
E07000217,Woking,South East,Urban,103900,6215,13532,5314,18612,30853,12208,17210,68.05,15.2911044000153,93.51,55399.0,34440.0,10559.0,2776.0,768.0
E07000218,North Warwickshire,West Midlands,Rural,65000,3206,7267,3224,10927,16658,9481,14272,37.65,15.1135024030469,58.5,29587.0,22596.0,9157.0,2864.0,830.0
E07000219,Nuneaton and Bedworth,West Midlands,Urban,134200,7753,16339,6937,25524,34939,17104,25597,68.76,15.2401410801631,120.78,59458.0,47478.0,19379.0,6075.0,1807.0
E07000220,Rugby,West Midlands,Urban,114400,6368,14338,6204,21165,31585,13898,20806,79.22,10.9445113275692,102.96,55844.0,39851.0,13777.0,3887.0,1004.0
E07000221,Stratford-on-Avon,West Midlands,Rural,134700,6245,14442,6371,19569,34191,19993,33914,87.58,12.6823975367966,121.23,66877.0,46177.0,16193.0,4275.0,1203.0
E07000222,Warwick,West Midlands,Urban,148500,7438,16257,9238,30823,38997,17678,28025,92.29,11.7529529294235,133.65,77332.0,49195.0,16306.0,4393.0,1227.0
E07000223,Adur,South East,Urban,64500,3192,7719,3196,9486,17225,8487,15239,33.38,13.9131510195248,58.05,29272.0,22573.0,9108.0,2800.0,791.0
E07000224,Arun,South East,Urban,164800,7254,16521,7654,25147,38479,22950,46884,84.58,10.7137755344984,148.32,71215.0,60303.0,24419.0,7110.0,1842.0
E07000225,Chichester,South East,Rural,124100,5309,12766,6527,19091,28564,18185,33627,71.35,10.1560119684695,111.69,60839.0,42522.0,15366.0,4178.0,1163.0
E07000226,Crawley,South East,Urban,118500,7639,15906,6500,25173,34324,13197,15752,79.49,9.95478866813223,106.65,58152.0,41451.0,13754.0,3975.0,1161.0
E07000227,Horsham,South East,Rural,146800,7368,17008,7671,22140,38203,20945,33444,87.93,11.3739763421292,132.12,75551.0,49827.0,16218.0,4067.0,1115.0
E07000228,Mid Sussex,South East,Urban,152600,8315,19126,8011,23221,42826,19576,31491,88.77,12.0317892537124,137.34,80741.0,50460.0,16029.0,4180.0,1156.0
E07000229,Worthing,South East,Urban,111400,5448,12411,5440,18547,29892,14649,24953,60.76,9.80042765502495,100.26,50406.0,39682.0,15418.0,4526.0,1308.0
E07000234,Bromsgrove,West Midlands,Urban,99200,5158,11789,5254,14623,25949,13670,22739,54.87,12.9123253111374,89.28,50253.0,32850.0,11705.0,3329.0,1046.0
E07000235,Malvern Hills,West Midlands,Rural,79400,3114,8330,4254,10472,18549,12521,22246,44.44,12.2216518784679,71.46,36926.0,27733.0,10843.0,3096.0,888.0
E07000236,Redditch,West Midlands,Urban,87000,4992,10775,4627,16642,23235,10610,16158,57.56,11.4864632031151,78.3,40480.0,30616.0,11431.0,3547.0,964.0
E07000237,Worcester,West Midlands,Urban,103900,5281,11814,6293,22014,27409,12770,18293,59.09,7.60868531428626,93.51,49220.0,36463.0,13209.0,3882.0,1098.0
E07000238,Wychavon,West Midlands,Rural,132500,6252,14063,6506,20196,33231,19312,32932,75.26,11.0108714003626,119.25,62836.0,46380.0,17163.0,4829.0,1284.0
E07000239,Wyre Forest,West Midlands,Urban,101600,4807,11148,5012,15977,25086,13913,25666,53.83,9.68494862134756,91.44,44004.0,36337.0,15024.0,4818.0,1424.0
E07000240,St Albans,East,Urban,148200,8659,21408,8258,22045,44390,17916,25493,95.4,10.0836946657255,133.38,85242.0,44893.0,13557.0,3520.0,955.0
E07000241,Welwyn Hatfield,East,Urban,119900,6626,14366,8071,26542,31496,13928,18808,81.82,9.85634378927137,107.91,61896.0,40200.0,13130.0,3664.0,946.0
E07000242,East Hertfordshire,East,Urban,150100,8316,18742,8193,25436,42150,19934,27390,94.61,12.3866458918711,135.09,81057.0,48853.0,15274.0,3916.0,1055.0
E07000243,Stevenage,East,Urban,89500,5618,11619,4743,18326,24450,11195,13542,62.38,14.4210502961862,80.55,42673.0,31339.0,11298.0,3298.0,887.0
E07000244,East Suffolk,East,Rural,245900,10634,26062,12259,35230,57251,36313,68309,135.12,13.7596114933225,221.31,106604.0,88502.0,36851.0,11148.0,2951.0
E07000245,West Suffolk,East,Rural,179800,9829,20148,8777,36023,45564,22242,37363,96.21,12.3614044705288,161.82,85843.0,63799.0,22468.0,6150.0,1688.0
E08000001,Bolton,North West,Urban,296000,18458,41251,18319,54448,77342,35421,50722,156.64,17.8581467873525,266.4,142076.0,96785.0,38905.0,13968.0,4229.0
E08000002,Bury,North West,Urban,193800,11159,25341,11232,34556,51365,24749,35448,102.69,17.3934396038388,174.42,93456.0,63919.0,25700.0,8416.0,2359.0
E08000003,Manchester,North West,Urban,552000,34378,72905,42418,162469,139265,48335,52167,336.5,13.9675160410886,496.8,280547.0,173458.0,64955.0,24915.0,8063.0
E08000004,Oldham,North West,Urban,242100,16005,35513,16254,45828,62171,27703,38614,130.56,15.0327062934222,217.89,113590.0,79548.0,33754.0,11724.0,3472.0
E08000005,Rochdale,North West,Urban,223800,14639,31203,13457,42194,58537,26876,36867,116.15,16.5392851546858,201.42,104957.0,73713.0,30753.0,11214.0,3136.0
E08000006,Salford,North West,Urban,269900,17257,32772,15494,73533,67231,27713,35921,155.17,15.8391586238939,242.91,134447.0,86140.0,33249.0,12406.0,3681.0
E08000007,Stockport,North West,Urban,294800,16575,35984,14763,50368,79653,38158,59275,161.9,14.021265586139,265.32,145602.0,96317.0,37255.0,12017.0,3582.0
E08000008,Tameside,North West,Urban,231100,13666,29574,12451,43423,61384,30056,40515,115.13,14.4886775246521,207.99,104704.0,77895.0,33204.0,11821.0,3447.0
E08000009,Trafford,North West,Urban,235100,13466,32440,13210,38000,67674,28970,41290,137.56,11.7904665656055,211.59,124806.0,72803.0,26515.0,8406.0,2522.0
E08000010,Wigan,North West,Urban,329300,17782,39033,17446,60746,87738,42982,63603,172.92,17.3952012831172,296.37,152373.0,110193.0,46214.0,16085.0,4466.0
E08000011,Knowsley,North West,Urban,154500,9735,18651,8390,30884,38370,22247,26242,88.79,16.3272482934886,139.05,73079.0,46569.0,21561.0,10037.0,3273.0
E08000012,Liverpool,North West,Urban,486100,26372,51970,33846,124733,116645,58201,74322,292.19,18.0648747369675,437.49,231830.0,150332.0,65142.0,29077.0,9707.0
E08000013,St. Helens,North West,Urban,183200,9659,20968,9391,33148,47664,24776,37642,126.33,14.5175339548989,164.88,82747.0,59974.0,26762.0,10591.0,3171.0
E08000014,Sefton,North West,Urban,279300,13508,30366,14031,45874,69198,41494,64763,158.95,15.561725229447,251.37,129449.0,90164.0,40057.0,14953.0,4610.0
E08000015,Wirral,North West,Urban,320200,16316,38049,16997,52698,80292,45453,70391,167.66,15.0837920037432,288.18,148845.0,102703.0,45385.0,17840.0,5426.0
E08000016,Barnsley,Yorkshire and The Humber,Urban,244600,13463,28716,12256,45399,63577,33565,47599,132.33,14.4898953105064,220.14,106010.0,82192.0,38001.0,14252.0,4117.0
E08000017,Doncaster,Yorkshire and The Humber,Urban,308100,16942,36741,16136,58255,78599,41579,59852,165.33,14.0048889794255,277.29,136540.0,105090.0,45337.0,16192.0,4945.0
E08000018,Rotherham,Yorkshire and The Humber,Urban,265800,14645,32520,14472,48525,68405,35011,52228,146.46,15.4870111912093,239.22,117359.0,90450.0,39277.0,14400.0,4321.0
E08000019,Sheffield,Yorkshire and The Humber,Urban,556500,30179,64067,37455,130275,135734,63996,94819,316.37,15.6999016139499,500.85,259654.0,187759.0,75541.0,25998.0,7570.0
E08000021,Newcastle upon Tyne,North East,Urban,300200,15651,33108,23355,81281,69359,32856,44515,183.3,10.5777367489807,270.18,145219.0,96614.0,39307.0,14525.0,4461.0
E08000022,North Tyneside,North East,Urban,209000,10991,24092,10369,35577,56225,28816,42898,111.82,14.1663794039732,188.1,96170.0,69597.0,30204.0,10188.0,2806.0
E08000023,South Tyneside,North East,Urban,147800,7823,17100,7480,25814,37017,21705,30838,66.57,14.0684665371475,133.02,64656.0,48869.0,22930.0,8709.0,2614.0
E08000024,Sunderland,North East,Urban,274200,13849,31272,14645,50209,68985,38946,56266,140.69,14.9435347864142,246.78,118258.0,90486.0,43507.0,16834.0,5086.0
E08000025,Birmingham,West Midlands,Urban,1144900,75023,164327,86440,260682,292634,115325,150487,708.35,16.2085812860352,1030.41,544500.0,380993.0,150801.0,51755.0,16870.0
E08000026,Coventry,West Midlands,Urban,345300,20442,44071,25408,81614,87548,35928,50313,225.0,16.6342299183259,310.77,167651.0,116149.0,43030.0,14126.0,4369.0
E08000027,Dudley,West Midlands,Urban,323500,18176,39082,17772,58818,82711,40871,66058,195.04,13.1627280519162,291.15,141846.0,114604.0,47402.0,15299.0,4337.0
E08000028,Sandwell,West Midlands,Urban,341900,22176,48922,22002,67802,93143,38082,49705,190.3,16.1127431657512,307.71,153337.0,116762.0,49048.0,17472.0,5214.0
E08000029,Solihull,West Midlands,Urban,216200,11693,27375,11807,35761,55590,28413,45599,143.77,14.1686434209504,194.58,106508.0,72191.0,26816.0,8293.0,2432.0
E08000030,Walsall,West Midlands,Urban,284100,18193,39114,17295,53773,72845,33442,49462,158.64,18.3558683364735,255.69,126170.0,97681.0,41567.0,14222.0,4484.0
E08000031,Wolverhampton,West Midlands,Urban,263700,16325,35724,15355,51747,70811,30482,43282,145.01,17.9866018170139,237.33,118244.0,90690.0,38056.0,12953.0,3784.0
E08000032,Bradford,Yorkshire and The Humber,Urban,546400,36096,80906,37779,105694,141976,60959,83002,302.6,14.4592766077466,491.76,252136.0,188664.0,73124.0,24904.0,7580.0
E08000033,Calderdale,Yorkshire and The Humber,Urban,206600,11317,26116,11602,35045,55229,28012,39310,109.95,14.3722902244473,185.94,96309.0,70657.0,27913.0,9057.0,2695.0
E08000034,Kirklees,Yorkshire and The Humber,Urban,433300,25144,56258,26867,80713,114270,53149,76813,228.83,16.740831566874,389.97,201705.0,149441.0,58024.0,18669.0,5378.0
E08000035,Leeds,Yorkshire and The Humber,Urban,812000,46800,97771,51822,191726,208180,88887,126766,482.82,14.2269291655665,730.8,402056.0,270304.0,98856.0,31621.0,9116.0
E08000036,Wakefield,Yorkshire and The Humber,Urban,353300,20074,41825,17865,66976,93475,46548,66607,194.88,11.3326662723267,317.97,157984.0,121164.0,51084.0,17900.0,5238.0
E08000037,Gateshead,North East,Urban,196100,10053,22303,10074,36284,50866,26798,39773,103.11,15.5670160038968,176.49,85811.0,65777.0,30117.0,11120.0,3326.0
E09000001,City of London,London,Urban,8600,213,333,216,3180,2457,975,1206,9.78,[c],7.74,4937.0,2726.0,687.0,186.0,47.0
E09000002,Barking and Dagenham,London,Urban,218900,17251,36560,15125,46511,64478,19912,19032,136.4,17.0934019468485,197.01,111929.0,71978.0,24295.0,8169.0,2498.0
E09000003,Barnet,London,Urban,389300,24106,51056,21464,80611,113991,42011,56104,238.76,13.1643236702134,350.37,213576.0,120802.0,39317.0,11724.0,3925.0
E09000004,Bexley,London,Urban,246500,15031,32634,14113,45494,68124,30184,40892,150.04,11.1619155441633,221.85,125181.0,82371.0,28260.0,8128.0,2533.0
E09000005,Brent,London,Urban,339800,19970,40704,20622,83749,98946,36268,39555,226.41,17.7057421753681,305.82,176793.0,111300.0,36871.0,11158.0,3692.0
E09000006,Bromley,London,Urban,330000,19491,41551,17215,55426,97461,40604,58241,224.1,14.4944166299273,297.0,176211.0,106977.0,34265.0,9694.0,2844.0
E09000007,Camden,London,Urban,210100,10032,20261,13743,62708,57675,20887,24829,164.21,15.3913708731887,189.09,116692.0,61665.0,21109.0,8013.0,2657.0
E09000008,Croydon,London,Urban,390800,25171,50418,22344,80761,112845,46104,53073,277.66,12.8224145863766,351.72,200050.0,130711.0,43327.0,12733.0,3898.0
E09000009,Ealing,London,Urban,367100,21515,45893,21801,82302,111564,39578,44462,226.46,18.916182661054,330.39,192559.0,120388.0,38868.0,11619.0,3681.0
E09000010,Enfield,London,Urban,330000,21259,46857,21338,63419,93929,38169,45013,199.85,13.7434375085896,297.0,167119.0,108918.0,37822.0,12150.0,3975.0
E09000011,Greenwich,London,Urban,289100,19027,36988,15895,70947,87333,28655,30226,190.29,12.9202041392254,260.19,152415.0,92418.0,30949.0,10134.0,3152.0
E09000012,Hackney,London,Urban,259200,16135,30578,14124,82072,72282,23450,20505,198.57,14.4331933060369,233.28,146836.0,73626.0,25710.0,9467.0,3507.0
E09000013,Hammersmith and Fulham,London,Urban,183200,9075,17831,8205,59748,51718,17594,18986,144.67,14.5024063251977,164.88,108069.0,51238.0,16301.0,5603.0,1946.0
E09000014,Haringey,London,Urban,264200,14932,30317,14571,66264,82451,27993,27712,168.85,13.6936799863063,237.78,140184.0,83809.0,27408.0,9562.0,3275.0
E09000015,Harrow,London,Urban,261300,15699,32614,15042,54057,74407,29205,40179,159.16,12.1466095776017,235.17,134553.0,88594.0,27907.0,7715.0,2434.0
E09000016,Havering,London,Urban,262000,16491,32827,14367,50334,70213,31709,46111,160.74,13.7985045404539,235.8,130764.0,89013.0,30642.0,8941.0,2692.0
E09000017,Hillingdon,London,Urban,305900,19881,40464,18556,64262,88568,33005,41173,205.84,14.4192490705854,275.31,156976.0,103725.0,33088.0,9244.0,2876.0
E09000018,Hounslow,London,Urban,288200,18221,37765,16174,62474,89906,29692,33950,209.46,14.5414702440938,259.38,149624.0,96314.0,30323.0,9017.0,2903.0
E09000019,Islington,London,Urban,216600,11211,19932,10635,74539,59306,20643,20321,178.48,14.960287237515,194.94,118690.0,63421.0,22469.0,8901.0,3108.0
E09000020,Kensington and Chelsea,London,Urban,143400,6171,12848,6707,37344,41437,18268,20601,90.64,21.0226502102265,129.06,85462.0,38302.0,13191.0,4806.0,1614.0
E09000021,Kingston upon Thames,London,Urban,168000,9559,21098,9450,34426,50796,18409,24323,115.9,11.7333708801201,151.2,90958.0,54724.0,16710.0,4367.0,1304.0
E09000022,Lambeth,London,Urban,317600,15265,30425,14934,108653,89756,31358,27260,221.14,13.9370173515866,285.84,178535.0,96211.0,30240.0,9582.0,3086.0
E09000023,Lewisham,London,Urban,300600,19127,35752,15670,77241,92025,32092,28644,193.92,12.0519035312077,270.54,159645.0,96291.0,31609.0,9891.0,3114.0
E09000024,Merton,London,Urban,215200,13532,26469,10678,47521,67080,22836,27071,142.48,9.75750282270617,193.68,118140.0,68979.0,20760.0,5599.0,1704.0
E09000025,Newham,London,Urban,351100,23854,46621,22154,101019,103152,29070,25166,255.0,13.2394801297469,315.99,180480.0,116872.0,37801.0,11823.0,4060.0
E09000026,Redbridge,London,Urban,310300,21194,43158,19315,65606,91546,31508,37932,182.3,14.3590136314903,279.27,159202.0,105549.0,33011.0,9467.0,3029.0
E09000027,Richmond upon Thames,London,Urban,195200,11103,26040,10150,30281,62354,23903,31448,137.97,14.8327732682737,175.68,115959.0,57054.0,16331.0,4574.0,1360.0
E09000028,Southwark,London,Urban,307700,16362,32116,16198,98700,87862,30715,25682,252.04,14.2622155876508,276.93,171620.0,93329.0,30002.0,9552.0,3134.0
E09000029,Sutton,London,Urban,209600,12796,28619,11341,37143,63756,24244,31740,124.77,10.420465794821,188.64,107792.0,71329.0,22304.0,6322.0,1892.0
E09000030,Tower Hamlets,London,Urban,310300,19090,35051,18367,117170,83877,19279,17472,286.59,10.0418104471344,279.27,164359.0,99697.0,31182.0,11172.0,3896.0
E09000031,Waltham Forest,London,Urban,278400,18985,34054,15142,66651,87663,27533,28396,175.84,14.1314588013624,250.56,143437.0,93169.0,29590.0,9277.0,2953.0
E09000032,Wandsworth,London,Urban,327500,18704,32586,13081,109967,93499,28336,31334,219.69,14.1798609770226,294.75,198576.0,91919.0,26746.0,7868.0,2397.0
E09000033,Westminster,London,Urban,204300,8502,16514,10649,63495,58288,22007,24780,173.94,19.3846095655956,183.87,115033.0,58977.0,19840.0,7404.0,2982.0
W06000001,Isle of Anglesey,Wales,Rural,68900,3211,7832,3404,10060,15913,10253,18205,37.86,17.3182664415292,62.01,32788.0,21937.0,10216.0,3059.0,878.0
W06000002,Gwynedd,Wales,Rural,117400,5348,12770,7021,21671,26732,16579,27272,65.98,18.4605573410084,105.66,58620.0,37038.0,15668.0,4741.0,1324.0
W06000003,Conwy,Wales,Rural,114800,5030,12161,5503,16716,26420,17538,31371,60.12,13.110742068001,103.32,51092.0,38345.0,17780.0,5819.0,1706.0
W06000004,Denbighshire,Wales,Rural,95800,4769,11003,5160,14713,22462,13963,23747,54.68,17.4976326732266,86.22,43115.0,31254.0,14621.0,5179.0,1648.0
W06000005,Flintshire,Wales,Urban,155000,7626,18017,8134,26101,40204,21653,33227,89.05,13.4777809154622,139.5,73431.0,51838.0,20920.0,6716.0,2057.0
W06000006,Wrexham,Wales,Urban,135100,6998,16254,7290,23577,35725,17886,27384,76.26,14.6897883935982,121.59,61404.0,45998.0,19316.0,6588.0,1811.0
W06000008,Ceredigion,Wales,Rural,71500,2709,6712,4792,13473,14897,10504,18388,39.28,19.1649555099247,64.35,32195.0,24054.0,10881.0,3328.0,1017.0
W06000009,Pembrokeshire,Wales,Rural,123400,5583,13870,6245,18528,28116,18676,32342,65.65,11.9994240276467,111.06,55187.0,41206.0,18605.0,6375.0,1987.0
W06000010,Carmarthenshire,Wales,Rural,187900,9057,21244,9909,29512,44983,27725,45467,102.88,11.5738914053335,169.11,84785.0,59550.0,29491.0,10554.0,3517.0
W06000011,Swansea,Wales,Urban,238500,11427,26701,14451,48462,58031,30540,48878,131.06,11.7531672759401,214.65,113823.0,73789.0,33363.0,13061.0,4454.0
W06000012,Neath Port Talbot,Wales,Urban,142300,7045,16382,8854,24848,35178,19850,30133,84.92,13.9959971448166,128.07,64583.0,43219.0,21961.0,9388.0,3138.0
W06000013,Bridgend,Wales,Urban,145500,7343,17025,7623,26131,37406,19865,30097,88.46,10.2219526655445,130.95,66751.0,46142.0,21589.0,8254.0,2752.0
W06000014,Vale of Glamorgan,Wales,Urban,131800,6851,16163,6942,21126,33701,18166,28992,68.13,10.3909213036153,118.62,63999.0,42548.0,17533.0,5906.0,1953.0
W06000015,Cardiff,Wales,Urban,362400,19069,43013,26433,94191,88469,38636,52499,212.62,11.4721955696467,326.16,181604.0,115195.0,44144.0,16193.0,5172.0
W06000016,Rhondda Cynon Taf,Wales,Urban,237700,12531,28550,13429,45151,60123,31244,46625,123.65,10.3657879242717,213.93,105823.0,75427.0,36863.0,14925.0,4613.0
W06000018,Caerphilly,Wales,Urban,175900,9216,21225,9592,31315,45482,23705,35410,95.43,12.469039940602,158.31,76930.0,56471.0,27645.0,11275.0,3631.0
W06000019,Blaenau Gwent,Wales,Urban,66900,3543,7527,3318,12536,16927,9526,13523,38.66,14.8464873210998,60.21,27465.0,21865.0,11210.0,4785.0,1579.0
W06000020,Torfaen,Wales,Urban,92300,5002,11057,4887,16811,22650,12712,19157,51.99,11.7749066035817,83.07,39335.0,31301.0,14340.0,5584.0,1716.0
W06000021,Monmouthshire,Wales,Rural,93000,3962,9797,4571,13096,23012,14479,24040,51.76,11.6313496595187,83.7,43165.0,31887.0,12655.0,4060.0,1188.0
W06000022,Newport,Wales,Urban,159600,9733,20551,8673,32339,41583,19653,27060,86.28,9.77827755640844,143.64,74351.0,52689.0,21937.0,8159.0,2456.0
W06000023,Powys,Wales,Rural,133200,5731,13536,6419,18928,30348,21087,37119,76.76,12.645140175098,119.88,59313.0,45946.0,20078.0,6040.0,1792.0
W06000024,Merthyr Tydfil,Wales,Urban,58800,3301,7238,3120,11056,14977,8038,11110,30.46,11.9468195859574,52.92,26718.0,17786.0,8837.0,4112.0,1386.0
